cohort_month,months_since_first,cohort_customers,active_customers,retention_pct
2024-01-01,0,35,35,100.0
2024-01-01,1,35,9,25.7
2024-01-01,2,35,10,28.6
2024-01-01,3,35,11,31.4
2024-01-01,4,35,9,25.7
2024-01-01,5,35,9,25.7
2024-01-01,6,35,7,20.0
2024-01-01,7,35,10,28.6
2024-01-01,8,35,9,25.7
2024-01-01,9,35,13,37.1
2024-01-01,10,35,10,28.6
2024-01-01,11,35,20,57.1
2024-01-01,12,35,6,17.1
2024-01-01,13,35,10,28.6
2024-01-01,14,35,10,28.6
2024-01-01,15,35,13,37.1
2024-01-01,16,35,9,25.7
2024-01-01,17,35,12,34.3
2024-01-01,18,35,11,31.4
2024-01-01,19,35,13,37.1
2024-01-01,20,35,15,42.9
2024-01-01,21,35,12,34.3
2024-01-01,22,35,14,40.0
2024-01-01,23,35,17,48.6
2024-02-01,0,41,41,100.0
2024-02-01,1,41,9,22.0
2024-02-01,2,41,6,14.6
2024-02-01,3,41,7,17.1
2024-02-01,4,41,11,26.8
2024-02-01,5,41,7,17.1
2024-02-01,6,41,11,26.8
2024-02-01,7,41,9,22.0
2024-02-01,8,41,13,31.7
2024-02-01,9,41,12,29.3
2024-02-01,10,41,13,31.7
2024-02-01,11,41,8,19.5
2024-02-01,12,41,9,22.0
2024-02-01,13,41,10,24.4
2024-02-01,14,41,13,31.7
2024-02-01,15,41,8,19.5
2024-02-01,16,41,8,19.5
2024-02-01,17,41,12,29.3
2024-02-01,18,41,8,19.5
2024-02-01,19,41,10,24.4
2024-02-01,20,41,10,24.4
2024-02-01,21,41,10,24.4
2024-02-01,22,41,24,58.5
2024-03-01,0,37,37,100.0
2024-03-01,1,37,10,27.0
2024-03-01,2,37,6,16.2
2024-03-01,3,37,3,8.1
2024-03-01,4,37,5,13.5
2024-03-01,5,37,11,29.7
2024-03-01,6,37,6,16.2
2024-03-01,7,37,11,29.7
2024-03-01,8,37,5,13.5
2024-03-01,9,37,7,18.9
2024-03-01,10,37,5,13.5
2024-03-01,11,37,2,5.4
2024-03-01,12,37,3,8.1
2024-03-01,13,37,7,18.9
2024-03-01,14,37,3,8.1
2024-03-01,15,37,7,18.9
2024-03-01,16,37,8,21.6
2024-03-01,17,37,8,21.6
2024-03-01,18,37,3,8.1
2024-03-01,19,37,9,24.3
2024-03-01,20,37,9,24.3
2024-03-01,21,37,15,40.5
2024-04-01,0,35,35,100.0
2024-04-01,1,35,4,11.4
2024-04-01,2,35,6,17.1
2024-04-01,3,35,8,22.9
2024-04-01,4,35,8,22.9
2024-04-01,5,35,7,20.0
2024-04-01,6,35,9,25.7
2024-04-01,7,35,11,31.4
2024-04-01,8,35,11,31.4
2024-04-01,9,35,5,14.3
2024-04-01,10,35,4,11.4
2024-04-01,11,35,9,25.7
2024-04-01,12,35,10,28.6
2024-04-01,13,35,10,28.6
2024-04-01,14,35,5,14.3
2024-04-01,15,35,8,22.9
2024-04-01,16,35,10,28.6
2024-04-01,17,35,9,25.7
2024-04-01,18,35,9,25.7
2024-04-01,19,35,9,25.7
2024-04-01,20,35,13,37.1
2024-05-01,0,25,25,100.0
2024-05-01,1,25,1,4.0
2024-05-01,2,25,1,4.0
2024-05-01,3,25,4,16.0
2024-05-01,4,25,4,16.0
2024-05-01,5,25,6,24.0
2024-05-01,6,25,4,16.0
2024-05-01,7,25,6,24.0
2024-05-01,8,25,4,16.0
2024-05-01,9,25,3,12.0
2024-05-01,10,25,5,20.0
2024-05-01,11,25,4,16.0
2024-05-01,12,25,4,16.0
2024-05-01,13,25,8,32.0
2024-05-01,14,25,7,28.0
2024-05-01,15,25,7,28.0
2024-05-01,16,25,3,12.0
2024-05-01,17,25,4,16.0
2024-05-01,18,25,4,16.0
2024-05-01,19,25,6,24.0
2024-06-01,0,47,47,100.0
2024-06-01,1,47,10,21.3
2024-06-01,2,47,5,10.6
2024-06-01,3,47,5,10.6
2024-06-01,4,47,9,19.1
2024-06-01,5,47,9,19.1
2024-06-01,6,47,6,12.8
2024-06-01,7,47,4,8.5
2024-06-01,8,47,4,8.5
2024-06-01,9,47,8,17.0
2024-06-01,10,47,9,19.1
2024-06-01,11,47,4,8.5
2024-06-01,12,47,5,10.6
2024-06-01,13,47,8,17.0
2024-06-01,14,47,13,27.7
2024-06-01,15,47,8,17.0
2024-06-01,16,47,10,21.3
2024-06-01,17,47,14,29.8
2024-06-01,18,47,16,34.0
2024-07-01,0,32,32,100.0
2024-07-01,1,32,5,15.6
2024-07-01,2,32,4,12.5
2024-07-01,3,32,5,15.6
2024-07-01,4,32,8,25.0
2024-07-01,5,32,7,21.9
2024-07-01,6,32,4,12.5
2024-07-01,7,32,3,9.4
2024-07-01,8,32,6,18.8
2024-07-01,9,32,5,15.6
2024-07-01,10,32,1,3.1
2024-07-01,11,32,2,6.3
2024-07-01,12,32,2,6.3
2024-07-01,13,32,3,9.4
2024-07-01,14,32,4,12.5
2024-07-01,15,32,6,18.8
2024-07-01,16,32,11,34.4
2024-07-01,17,32,13,40.6
2024-08-01,0,50,50,100.0
2024-08-01,1,50,4,8.0
2024-08-01,2,50,6,12.0
2024-08-01,3,50,10,20.0
2024-08-01,4,50,10,20.0
2024-08-01,5,50,10,20.0
2024-08-01,6,50,8,16.0
2024-08-01,7,50,7,14.0
2024-08-01,8,50,10,20.0
2024-08-01,9,50,6,12.0
2024-08-01,10,50,7,14.0
2024-08-01,11,50,7,14.0
2024-08-01,12,50,7,14.0
2024-08-01,13,50,6,12.0
2024-08-01,14,50,8,16.0
2024-08-01,15,50,9,18.0
2024-08-01,16,50,14,28.0
2024-09-01,0,44,44,100.0
2024-09-01,1,44,9,20.5
2024-09-01,2,44,7,15.9
2024-09-01,3,44,12,27.3
2024-09-01,4,44,4,9.1
2024-09-01,5,44,5,11.4
2024-09-01,6,44,7,15.9
2024-09-01,7,44,9,20.5
2024-09-01,8,44,8,18.2
2024-09-01,9,44,2,4.5
2024-09-01,10,44,6,13.6
2024-09-01,11,44,9,20.5
2024-09-01,12,44,5,11.4
2024-09-01,13,44,10,22.7
2024-09-01,14,44,5,11.4
2024-09-01,15,44,13,29.5
2024-10-01,0,65,65,100.0
2024-10-01,1,65,10,15.4
2024-10-01,2,65,10,15.4
2024-10-01,3,65,4,6.2
2024-10-01,4,65,9,13.8
2024-10-01,5,65,11,16.9
2024-10-01,6,65,7,10.8
2024-10-01,7,65,8,12.3
2024-10-01,8,65,7,10.8
2024-10-01,9,65,8,12.3
2024-10-01,10,65,8,12.3
2024-10-01,11,65,6,9.2
2024-10-01,12,65,8,12.3
2024-10-01,13,65,6,9.2
2024-10-01,14,65,13,20.0
2024-11-01,0,45,45,100.0
2024-11-01,1,45,7,15.6
2024-11-01,2,45,4,8.9
2024-11-01,3,45,4,8.9
2024-11-01,4,45,4,8.9
2024-11-01,5,45,9,20.0
2024-11-01,6,45,2,4.4
2024-11-01,7,45,4,8.9
2024-11-01,8,45,5,11.1
2024-11-01,9,45,6,13.3
2024-11-01,10,45,4,8.9
2024-11-01,11,45,5,11.1
2024-11-01,12,45,8,17.8
2024-11-01,13,45,10,22.2
2024-12-01,0,73,73,100.0
2024-12-01,1,73,8,11.0
2024-12-01,2,73,13,17.8
2024-12-01,3,73,8,11.0
2024-12-01,4,73,11,15.1
2024-12-01,5,73,11,15.1
2024-12-01,6,73,8,11.0
2024-12-01,7,73,14,19.2
2024-12-01,8,73,6,8.2
2024-12-01,9,73,4,5.5
2024-12-01,10,73,12,16.4
2024-12-01,11,73,10,13.7
2024-12-01,12,73,17,23.3
2025-01-01,0,36,36,100.0
2025-01-01,1,36,10,27.8
2025-01-01,2,36,6,16.7
2025-01-01,3,36,8,22.2
2025-01-01,4,36,5,13.9
2025-01-01,5,36,6,16.7
2025-01-01,6,36,8,22.2
2025-01-01,7,36,5,13.9
2025-01-01,8,36,8,22.2
2025-01-01,9,36,9,25.0
2025-01-01,10,36,7,19.4
2025-01-01,11,36,10,27.8
2025-02-01,0,44,44,100.0
2025-02-01,1,44,6,13.6
2025-02-01,2,44,8,18.2
2025-02-01,3,44,8,18.2
2025-02-01,4,44,6,13.6
2025-02-01,5,44,5,11.4
2025-02-01,6,44,4,9.1
2025-02-01,7,44,5,11.4
2025-02-01,8,44,4,9.1
2025-02-01,9,44,8,18.2
2025-02-01,10,44,6,13.6
2025-03-01,0,46,46,100.0
2025-03-01,1,46,5,10.9
2025-03-01,2,46,3,6.5
2025-03-01,3,46,3,6.5
2025-03-01,4,46,5,10.9
2025-03-01,5,46,2,4.3
2025-03-01,6,46,5,10.9
2025-03-01,7,46,5,10.9
2025-03-01,8,46,3,6.5
2025-03-01,9,46,9,19.6
2025-04-01,0,52,52,100.0
2025-04-01,1,52,1,1.9
2025-04-01,2,52,6,11.5
2025-04-01,3,52,6,11.5
2025-04-01,4,52,5,9.6
2025-04-01,5,52,7,13.5
2025-04-01,6,52,7,13.5
2025-04-01,7,52,12,23.1
2025-04-01,8,52,7,13.5
2025-05-01,0,33,33,100.0
2025-05-01,1,33,2,6.1
2025-05-01,2,33,1,3.0
2025-05-01,3,33,2,6.1
2025-05-01,4,33,3,9.1
2025-05-01,5,33,2,6.1
2025-05-01,6,33,5,15.2
2025-05-01,7,33,4,12.1
2025-06-01,0,44,44,100.0
2025-06-01,1,44,6,13.6
2025-06-01,2,44,2,4.5
2025-06-01,3,44,5,11.4
2025-06-01,4,44,6,13.6
2025-06-01,5,44,7,15.9
2025-06-01,6,44,4,9.1
2025-07-01,0,45,45,100.0
2025-07-01,1,45,5,11.1
2025-07-01,2,45,3,6.7
2025-07-01,3,45,4,8.9
2025-07-01,4,45,6,13.3
2025-07-01,5,45,5,11.1
2025-08-01,0,60,60,100.0
2025-08-01,1,60,3,5.0
2025-08-01,2,60,6,10.0
2025-08-01,3,60,5,8.3
2025-08-01,4,60,10,16.7
2025-09-01,0,52,52,100.0
2025-09-01,1,52,11,21.2
2025-09-01,2,52,7,13.5
2025-09-01,3,52,7,13.5
2025-10-01,0,87,87,100.0
2025-10-01,1,87,3,3.4
2025-10-01,2,87,12,13.8
2025-11-01,0,66,66,100.0
2025-11-01,1,66,5,7.6
2025-12-01,0,93,93,100.0
