order_month,category_name,revenue,units,pct_of_month,prev_month_revenue,mom_growth_pct,same_month_last_year,yoy_growth_pct
2024-01-01,Boiled Sweets,64.90,26,9.8,,,,
2024-02-01,Boiled Sweets,139.62,56,14.6,64.90,115.1,,
2024-03-01,Boiled Sweets,60.22,24,7.2,139.62,-56.9,,
2024-04-01,Boiled Sweets,72.34,29,6.2,60.22,20.1,,
2024-05-01,Boiled Sweets,77.39,31,9.4,72.34,7.0,,
2024-06-01,Boiled Sweets,102.05,41,7.5,77.39,31.9,,
2024-07-01,Boiled Sweets,74.58,30,7.1,102.05,-26.9,,
2024-08-01,Boiled Sweets,178.59,72,11.2,74.58,139.5,,
2024-09-01,Boiled Sweets,219.18,96,13.3,178.59,22.7,,
2024-10-01,Boiled Sweets,270.25,109,9.3,219.18,23.3,,
2024-11-01,Boiled Sweets,243.16,98,10.1,270.25,-10.0,,
2024-12-01,Boiled Sweets,214.16,86,5.1,243.16,-11.9,,
2025-01-01,Boiled Sweets,264.95,101,12.8,214.16,23.7,64.90,308.2
2025-02-01,Boiled Sweets,220.00,84,8.7,264.95,-17.0,139.62,57.6
2025-03-01,Boiled Sweets,288.20,111,9.6,220.00,31.0,60.22,378.6
2025-04-01,Boiled Sweets,336.20,129,8.9,288.20,16.7,72.34,364.7
2025-05-01,Boiled Sweets,266.20,102,11.2,336.20,-20.8,77.39,244.0
2025-06-01,Boiled Sweets,281.05,108,11.1,266.20,5.6,102.05,175.4
2025-07-01,Boiled Sweets,307.85,118,9.8,281.05,9.5,74.58,312.8
2025-08-01,Boiled Sweets,315.00,121,9.1,307.85,2.3,178.59,76.4
2025-09-01,Boiled Sweets,434.26,176,13.5,315.00,37.9,219.18,98.1
2025-10-01,Boiled Sweets,375.45,144,7.6,434.26,-13.5,270.25,38.9
2025-11-01,Boiled Sweets,463.75,178,9.4,375.45,23.5,243.16,90.7
2025-12-01,Boiled Sweets,509.75,195,6.3,463.75,9.9,214.16,138.0
2024-01-01,Chocolate,171.81,41,26.0,,,,
2024-02-01,Chocolate,303.40,76,31.7,171.81,76.6,,
2024-03-01,Chocolate,183.08,49,22.0,303.40,-39.7,,
2024-04-01,Chocolate,343.04,85,29.6,183.08,87.4,,
2024-05-01,Chocolate,113.11,30,13.7,343.04,-67.0,,
2024-06-01,Chocolate,316.43,77,23.3,113.11,179.8,,
2024-07-01,Chocolate,212.43,54,20.2,316.43,-32.9,,
2024-08-01,Chocolate,283.16,68,17.7,212.43,33.3,,
2024-09-01,Chocolate,335.57,76,20.4,283.16,18.5,,
2024-10-01,Chocolate,377.84,95,12.9,335.57,12.6,,
2024-11-01,Chocolate,381.06,92,15.8,377.84,0.9,,
2024-12-01,Chocolate,859.16,248,20.5,381.06,125.5,,
2025-01-01,Chocolate,439.20,100,21.2,859.16,-48.9,171.81,155.6
2025-02-01,Chocolate,641.70,155,25.4,439.20,46.1,303.40,111.5
2025-03-01,Chocolate,687.22,184,22.9,641.70,7.1,183.08,275.4
2025-04-01,Chocolate,810.88,208,21.5,687.22,18.0,343.04,136.4
2025-05-01,Chocolate,461.90,116,19.5,810.88,-43.0,113.11,308.4
2025-06-01,Chocolate,634.20,139,25.1,461.90,37.3,316.43,100.4
2025-07-01,Chocolate,507.45,111,16.1,634.20,-20.0,212.43,138.9
2025-08-01,Chocolate,530.85,126,15.3,507.45,4.6,283.16,87.5
2025-09-01,Chocolate,566.10,140,17.6,530.85,6.6,335.57,68.7
2025-10-01,Chocolate,878.90,195,17.9,566.10,55.3,377.84,132.6
2025-11-01,Chocolate,802.95,191,16.3,878.90,-8.6,381.06,110.7
2025-12-01,Chocolate,1912.30,552,23.7,802.95,138.2,859.16,122.6
2024-01-01,Fudge & Toffee,78.39,21,11.9,,,,
2024-02-01,Fudge & Toffee,93.11,26,9.7,78.39,18.8,,
2024-03-01,Fudge & Toffee,103.93,28,12.5,93.11,11.6,,
2024-04-01,Fudge & Toffee,68.67,19,5.9,103.93,-33.9,,
2024-05-01,Fudge & Toffee,116.65,33,14.1,68.67,69.9,,
2024-06-01,Fudge & Toffee,106.25,28,7.8,116.65,-8.9,,
2024-07-01,Fudge & Toffee,49.30,13,4.7,106.25,-53.6,,
2024-08-01,Fudge & Toffee,171.27,46,10.7,49.30,247.4,,
2024-09-01,Fudge & Toffee,172.42,46,10.5,171.27,0.7,,
2024-10-01,Fudge & Toffee,154.72,40,5.3,172.42,-10.3,,
2024-11-01,Fudge & Toffee,294.04,80,12.2,154.72,90.0,,
2024-12-01,Fudge & Toffee,404.42,119,9.7,294.04,37.5,,
2025-01-01,Fudge & Toffee,202.90,51,9.8,404.42,-49.8,78.39,158.8
2025-02-01,Fudge & Toffee,210.20,55,8.3,202.90,3.6,93.11,125.8
2025-03-01,Fudge & Toffee,286.55,73,9.6,210.20,36.3,103.93,175.7
2025-04-01,Fudge & Toffee,313.90,81,8.3,286.55,9.5,68.67,357.1
2025-05-01,Fudge & Toffee,293.80,76,12.4,313.90,-6.4,116.65,151.9
2025-06-01,Fudge & Toffee,373.65,99,14.8,293.80,27.2,106.25,251.7
2025-07-01,Fudge & Toffee,230.20,59,7.3,373.65,-38.4,49.30,366.9
2025-08-01,Fudge & Toffee,356.35,92,10.2,230.20,54.8,171.27,108.1
2025-09-01,Fudge & Toffee,359.55,95,11.2,356.35,0.9,172.42,108.5
2025-10-01,Fudge & Toffee,362.05,93,7.4,359.55,0.7,154.72,134.0
2025-11-01,Fudge & Toffee,701.60,178,14.2,362.05,93.8,294.04,138.6
2025-12-01,Fudge & Toffee,751.80,209,9.3,701.60,7.2,404.42,85.9
2024-01-01,Gummies & Jellies,152.91,57,23.1,,,,
2024-02-01,Gummies & Jellies,108.50,41,11.3,152.91,-29.0,,
2024-03-01,Gummies & Jellies,75.65,29,9.1,108.50,-30.3,,
2024-04-01,Gummies & Jellies,97.61,36,8.4,75.65,29.0,,
2024-05-01,Gummies & Jellies,168.28,64,20.4,97.61,72.4,,
2024-06-01,Gummies & Jellies,161.33,66,11.9,168.28,-4.1,,
2024-07-01,Gummies & Jellies,262.26,109,24.9,161.33,62.6,,
2024-08-01,Gummies & Jellies,323.39,136,20.2,262.26,23.3,,
2024-09-01,Gummies & Jellies,242.35,92,14.7,323.39,-25.1,,
2024-10-01,Gummies & Jellies,528.83,215,18.1,242.35,118.2,,
2024-11-01,Gummies & Jellies,336.98,129,14.0,528.83,-36.3,,
2024-12-01,Gummies & Jellies,261.94,101,6.3,336.98,-22.3,,
2025-01-01,Gummies & Jellies,327.80,120,15.8,261.94,25.1,152.91,114.4
2025-02-01,Gummies & Jellies,293.50,106,11.6,327.80,-10.5,108.50,170.5
2025-03-01,Gummies & Jellies,365.60,135,12.2,293.50,24.6,75.65,383.3
2025-04-01,Gummies & Jellies,375.90,137,9.9,365.60,2.8,97.61,285.1
2025-05-01,Gummies & Jellies,307.90,111,13.0,375.90,-18.1,168.28,83.0
2025-06-01,Gummies & Jellies,378.71,142,15.0,307.90,23.0,161.33,134.7
2025-07-01,Gummies & Jellies,756.33,299,24.1,378.71,99.7,262.26,188.4
2025-08-01,Gummies & Jellies,631.42,249,18.2,756.33,-16.5,323.39,95.3
2025-09-01,Gummies & Jellies,405.60,146,12.6,631.42,-35.8,242.35,67.4
2025-10-01,Gummies & Jellies,939.79,388,19.1,405.60,131.7,528.83,77.7
2025-11-01,Gummies & Jellies,589.65,212,12.0,939.79,-37.3,336.98,75.0
2025-12-01,Gummies & Jellies,643.60,232,8.0,589.65,9.1,261.94,145.7
2024-01-01,Liquorice,8.67,3,1.3,,,,
2024-02-01,Liquorice,2.67,1,0.3,8.67,-69.2,,
2024-03-01,Liquorice,36.75,13,4.4,2.67,1276.4,,
2024-04-01,Liquorice,33.81,12,2.9,36.75,-8.0,,
2024-05-01,Liquorice,24.03,9,2.9,33.81,-28.9,,
2024-06-01,Liquorice,64.77,23,4.8,24.03,169.5,,
2024-07-01,Liquorice,61.71,22,5.9,64.77,-4.7,,
2024-08-01,Liquorice,69.72,25,4.4,61.71,13.0,,
2024-09-01,Liquorice,91.62,33,5.6,69.72,31.4,,
2024-10-01,Liquorice,124.32,44,4.3,91.62,35.7,,
2024-11-01,Liquorice,78.78,28,3.3,124.32,-36.6,,
2024-12-01,Liquorice,139.35,48,3.3,78.78,76.9,,
2025-01-01,Liquorice,88.20,30,4.2,139.35,-36.7,8.67,917.3
2025-02-01,Liquorice,72.00,23,2.8,88.20,-18.4,2.67,2596.6
2025-03-01,Liquorice,122.50,42,4.1,72.00,70.1,36.75,233.3
2025-04-01,Liquorice,113.00,39,3.0,122.50,-7.8,33.81,234.2
2025-05-01,Liquorice,125.10,42,5.3,113.00,10.7,24.03,420.6
2025-06-01,Liquorice,104.90,35,4.1,125.10,-16.1,64.77,62.0
2025-07-01,Liquorice,97.60,33,3.1,104.90,-7.0,61.71,58.2
2025-08-01,Liquorice,123.70,41,3.6,97.60,26.7,69.72,77.4
2025-09-01,Liquorice,139.20,46,4.3,123.70,12.5,91.62,51.9
2025-10-01,Liquorice,177.20,60,3.6,139.20,27.3,124.32,42.5
2025-11-01,Liquorice,154.50,52,3.1,177.20,-12.8,78.78,96.1
2025-12-01,Liquorice,150.20,51,1.9,154.50,-2.8,139.35,7.8
2024-01-01,Multi-Packs,109.42,10,16.6,,,,
2024-02-01,Multi-Packs,173.33,16,18.1,109.42,58.4,,
2024-03-01,Multi-Packs,149.96,13,18.0,173.33,-13.5,,
2024-04-01,Multi-Packs,300.96,26,26.0,149.96,100.7,,
2024-05-01,Multi-Packs,243.94,21,29.6,300.96,-18.9,,
2024-06-01,Multi-Packs,533.39,44,39.2,243.94,118.7,,
2024-07-01,Multi-Packs,262.96,22,25.0,533.39,-50.7,,
2024-08-01,Multi-Packs,445.83,37,27.9,262.96,69.5,,
2024-09-01,Multi-Packs,457.77,38,27.8,445.83,2.7,,
2024-10-01,Multi-Packs,916.80,79,31.4,457.77,100.3,,
2024-11-01,Multi-Packs,662.67,55,27.5,916.80,-27.7,,
2024-12-01,Multi-Packs,1267.71,97,30.3,662.67,91.3,,
2025-01-01,Multi-Packs,592.95,47,28.6,1267.71,-53.2,109.42,441.9
2025-02-01,Multi-Packs,773.00,62,30.6,592.95,30.4,173.33,346.0
2025-03-01,Multi-Packs,757.25,65,25.3,773.00,-2.0,149.96,405.0
2025-04-01,Multi-Packs,1141.60,95,30.2,757.25,50.8,300.96,279.3
2025-05-01,Multi-Packs,780.15,65,32.9,1141.60,-31.7,243.94,219.8
2025-06-01,Multi-Packs,543.45,43,21.5,780.15,-30.3,533.39,1.9
2025-07-01,Multi-Packs,1002.60,82,31.9,543.45,84.5,262.96,281.3
2025-08-01,Multi-Packs,1243.65,99,35.8,1002.60,24.0,445.83,179.0
2025-09-01,Multi-Packs,983.90,85,30.6,1243.65,-20.9,457.77,114.9
2025-10-01,Multi-Packs,1314.05,113,26.7,983.90,33.6,916.80,43.3
2025-11-01,Multi-Packs,1225.05,98,24.8,1314.05,-6.8,662.67,84.9
2025-12-01,Multi-Packs,2401.75,171,29.7,1225.05,96.1,1267.71,89.5
2024-01-01,Seasonal Specials,27.84,6,4.2,,,,
2024-02-01,Seasonal Specials,96.57,29,10.1,27.84,246.9,,
2024-03-01,Seasonal Specials,135.96,35,16.3,96.57,40.8,,
2024-04-01,Seasonal Specials,158.73,41,13.7,135.96,16.7,,
2024-05-01,Seasonal Specials,27.69,6,3.4,158.73,-82.6,,
2024-07-01,Seasonal Specials,48.30,8,4.6,27.69,74.4,,
2024-08-01,Seasonal Specials,19.86,3,1.2,48.30,-58.9,,
2024-09-01,Seasonal Specials,7.85,2,0.5,19.86,-60.5,,
2024-10-01,Seasonal Specials,450.65,110,15.4,7.85,5640.8,,
2024-11-01,Seasonal Specials,299.81,57,12.5,450.65,-33.5,,
2024-12-01,Seasonal Specials,889.34,179,21.3,299.81,196.6,,
2025-01-01,Seasonal Specials,35.80,8,1.7,889.34,-96.0,,
2025-02-01,Seasonal Specials,174.40,49,6.9,35.80,387.2,27.84,526.4
2025-03-01,Seasonal Specials,313.12,70,10.5,174.40,79.5,96.57,224.2
2025-04-01,Seasonal Specials,487.37,108,12.9,313.12,55.6,135.96,258.5
2025-05-01,Seasonal Specials,25.90,5,1.1,487.37,-94.7,158.73,-83.7
2025-06-01,Seasonal Specials,4.50,1,0.2,25.90,-82.6,27.69,-83.7
2025-07-01,Seasonal Specials,20.45,4,0.7,4.50,354.4,48.30,-57.7
2025-08-01,Seasonal Specials,41.55,7,1.2,20.45,103.2,19.86,109.2
2025-09-01,Seasonal Specials,67.85,15,2.1,41.55,63.3,7.85,764.3
2025-10-01,Seasonal Specials,686.95,140,14.0,67.85,912.5,450.65,52.4
2025-11-01,Seasonal Specials,683.55,115,13.9,686.95,-0.5,299.81,128.0
2025-12-01,Seasonal Specials,1364.86,261,16.9,683.55,99.7,889.34,53.5
2024-01-01,Sherbet & Fizz,13.78,13,2.1,,,,
2024-02-01,Sherbet & Fizz,18.02,17,1.9,13.78,30.8,,
2024-03-01,Sherbet & Fizz,25.93,27,3.1,18.02,43.9,,
2024-04-01,Sherbet & Fizz,22.37,22,1.9,25.93,-13.7,,
2024-05-01,Sherbet & Fizz,19.31,19,2.3,22.37,-13.7,,
2024-06-01,Sherbet & Fizz,45.38,47,3.3,19.31,135.0,,
2024-07-01,Sherbet & Fizz,67.96,70,6.4,45.38,49.8,,
2024-08-01,Sherbet & Fizz,74.72,77,4.7,67.96,9.9,,
2024-09-01,Sherbet & Fizz,40.26,39,2.4,74.72,-46.1,,
2024-10-01,Sherbet & Fizz,50.28,50,1.7,40.26,24.9,,
2024-11-01,Sherbet & Fizz,47.29,47,2.0,50.28,-5.9,,
2024-12-01,Sherbet & Fizz,71.30,70,1.7,47.29,50.8,,
2025-01-01,Sherbet & Fizz,51.60,48,2.5,71.30,-27.6,13.78,274.5
2025-02-01,Sherbet & Fizz,67.25,61,2.7,51.60,30.3,18.02,273.2
2025-03-01,Sherbet & Fizz,82.50,79,2.8,67.25,22.7,25.93,218.2
2025-04-01,Sherbet & Fizz,79.30,73,2.1,82.50,-3.9,22.37,254.5
2025-05-01,Sherbet & Fizz,59.00,54,2.5,79.30,-25.6,19.31,205.5
2025-06-01,Sherbet & Fizz,103.11,98,4.1,59.00,74.8,45.38,127.2
2025-07-01,Sherbet & Fizz,143.86,146,4.6,103.11,39.5,67.96,111.7
2025-08-01,Sherbet & Fizz,149.56,151,4.3,143.86,4.0,74.72,100.2
2025-09-01,Sherbet & Fizz,68.10,64,2.1,149.56,-54.5,40.26,69.2
2025-10-01,Sherbet & Fizz,82.10,81,1.7,68.10,20.6,50.28,63.3
2025-11-01,Sherbet & Fizz,144.00,133,2.9,82.10,75.4,47.29,204.5
2025-12-01,Sherbet & Fizz,139.65,131,1.7,144.00,-3.0,71.30,95.9
2024-01-01,Sugar-Free,33.27,10,5.0,,,,
2024-02-01,Sugar-Free,22.76,8,2.4,33.27,-31.6,,
2024-03-01,Sugar-Free,60.40,17,7.3,22.76,165.4,,
2024-04-01,Sugar-Free,60.70,20,5.2,60.40,0.5,,
2024-05-01,Sugar-Free,34.60,11,4.2,60.70,-43.0,,
2024-06-01,Sugar-Free,29.47,10,2.2,34.60,-14.8,,
2024-07-01,Sugar-Free,14.19,5,1.3,29.47,-51.8,,
2024-08-01,Sugar-Free,30.56,10,1.9,14.19,115.4,,
2024-09-01,Sugar-Free,80.59,28,4.9,30.56,163.7,,
2024-10-01,Sugar-Free,47.07,15,1.6,80.59,-41.6,,
2024-11-01,Sugar-Free,62.46,20,2.6,47.07,32.7,,
2024-12-01,Sugar-Free,74.72,23,1.8,62.46,19.6,,
2025-01-01,Sugar-Free,72.85,21,3.5,74.72,-2.5,33.27,119.0
2025-02-01,Sugar-Free,75.65,23,3.0,72.85,3.8,22.76,232.4
2025-03-01,Sugar-Free,93.30,26,3.1,75.65,23.3,60.40,54.5
2025-04-01,Sugar-Free,122.15,36,3.2,93.30,30.9,60.70,101.2
2025-05-01,Sugar-Free,53.10,16,2.2,122.15,-56.5,34.60,53.5
2025-06-01,Sugar-Free,105.90,33,4.2,53.10,99.4,29.47,259.3
2025-07-01,Sugar-Free,77.95,25,2.5,105.90,-26.4,14.19,449.3
2025-08-01,Sugar-Free,86.50,26,2.5,77.95,11.0,30.56,183.0
2025-09-01,Sugar-Free,195.39,66,6.1,86.50,125.9,80.59,142.4
2025-10-01,Sugar-Free,101.95,32,2.1,195.39,-47.8,47.07,116.6
2025-11-01,Sugar-Free,167.55,51,3.4,101.95,64.3,62.46,168.3
2025-12-01,Sugar-Free,208.40,66,2.6,167.55,24.4,74.72,178.9
