product_code,product_name,category_name,product_type,units_sold,orders,net_revenue,buyers,repeat_buyers,repeat_buyer_pct,overall_rank,rank_in_category
MP008,Christmas Stocking,Multi-Packs,Multi-pack,256,223,4019.36,187,30,16.0,1,1
SW005,Salted Caramel Truffles,Chocolate,Single sweet,608,359,3714.70,260,63,24.2,2,1
MP002,Chocoholic Hamper,Multi-Packs,Multi-pack,140,124,2469.65,118,6,5.1,3,2
SW001,Milk Chocolate Buttons,Chocolate,Single sweet,823,497,2427.99,366,81,22.1,4,2
SW034,Christmas Pudding Truffles,Seasonal Specials,Single sweet,347,204,2181.94,172,25,14.5,5,1
MP005,Party Pick & Mix,Multi-Packs,Multi-pack,147,128,2169.96,115,10,8.7,6,3
SW007,Clotted Cream Fudge,Fudge & Toffee,Single sweet,507,311,2122.95,243,49,20.2,7,1
SW018,Fizzy Cola Bottles,Gummies & Jellies,Single sweet,777,460,2095.17,310,80,25.8,8,1
SW002,Dark Chocolate Gingers,Chocolate,Single sweet,450,266,1846.61,221,39,17.6,9,3
SW004,Chocolate Brazil Nuts,Chocolate,Single sweet,342,197,1764.75,165,23,13.9,10,4
MP001,Retro Classics Box,Multi-Packs,Multi-pack,128,107,1700.48,96,10,10.4,11,4
MP009,Easter Basket,Multi-Packs,Multi-pack,136,119,1674.20,104,11,10.6,12,5
SW020,Fruit Jelly Babies,Gummies & Jellies,Single sweet,656,381,1648.86,275,59,21.5,13,2
MP004,Fudge Lovers Trio,Multi-Packs,Multi-pack,138,115,1564.45,100,13,13.0,14,6
SW006,Mint Chocolate Crisps,Chocolate,Single sweet,450,264,1549.94,219,32,14.6,15,5
MP010,Halloween Trick Box,Multi-Packs,Multi-pack,143,119,1545.05,113,5,4.4,16,7
SW022,Strawberry Laces,Gummies & Jellies,Single sweet,650,375,1515.16,277,64,23.1,17,3
SW003,White Chocolate Mice,Chocolate,Single sweet,535,312,1449.75,247,45,18.2,18,6
SW014,Sherbet Lemons,Boiled Sweets,Single sweet,550,320,1392.37,238,57,23.9,19,1
SW036,Halloween Pick & Mix,Seasonal Specials,Single sweet,303,172,1387.67,146,18,12.3,20,2
SW023,Vegan Gummy Bears,Gummies & Jellies,Single sweet,434,261,1347.91,211,37,17.5,21,4
SW012,Rhubarb & Custards,Boiled Sweets,Single sweet,524,318,1331.57,237,53,22.4,22,2
SW009,Treacle Toffee Slab,Fudge & Toffee,Single sweet,362,211,1307.89,175,27,15.4,23,2
SW019,Sour Snakes,Gummies & Jellies,Single sweet,460,269,1267.98,204,45,22.1,24,5
MP007,Liquorice Lovers,Multi-Packs,Multi-pack,142,128,1174.80,115,12,10.4,25,8
MP006,Sugar-Free Selection,Multi-Packs,Multi-pack,129,113,1172.28,101,9,8.9,26,9
SW035,Easter Mini Eggs Mix,Seasonal Specials,Single sweet,253,147,1094.98,121,23,19.0,27,3
SW015,Cola Cubes,Boiled Sweets,Single sweet,423,235,1085.40,184,35,19.0,28,3
SW038,Gingerbread Fudge,Seasonal Specials,Single sweet,256,163,1062.27,146,15,10.3,29,4
SW024,Liquorice Allsorts,Liquorice,Single sweet,364,207,1036.98,169,26,15.4,30,1
SW010,Butterscotch Bites,Fudge & Toffee,Single sweet,328,195,1003.60,163,25,15.3,31,3
SW013,Pear Drops,Boiled Sweets,Single sweet,388,232,989.28,178,33,18.5,32,4
SW011,Peanut Brittle,Fudge & Toffee,Single sweet,250,148,956.33,130,15,11.5,33,4
SW008,Rum & Raisin Fudge,Fudge & Toffee,Single sweet,213,133,864.95,123,10,8.1,34,5
SW021,Foam Bananas,Gummies & Jellies,Single sweet,375,225,860.75,182,33,18.1,35,6
MP003,Fizz Frenzy Pack,Multi-Packs,Multi-pack,124,105,793.91,97,6,6.2,36,10
SW017,Kola Kubes Sour,Boiled Sweets,Single sweet,255,130,688.36,116,12,10.3,37,5
SW032,Sugar-Free Fruit Drops,Sugar-Free,Single sweet,229,138,686.76,115,14,12.2,38,1
SW026,Red Liquorice Twists,Liquorice,Single sweet,240,138,661.60,121,14,11.6,39,2
SW033,Sugar-Free Choc Coins,Sugar-Free,Single sweet,164,94,632.61,84,8,9.5,40,2
SW031,Sugar-Free Mint Imperials,Sugar-Free,Single sweet,205,117,592.11,104,11,10.6,41,3
SW028,Flying Saucers,Sherbet & Fizz,Single sweet,452,273,525.17,207,40,19.3,42,1
SW025,Salted Liquorice Coins,Liquorice,Single sweet,151,86,505.72,79,6,7.6,43,3
SW029,Fizz Whizz Popping Candy,Sherbet & Fizz,Single sweet,428,259,446.26,193,48,24.9,44,2
SW027,Sherbet Fountains,Sherbet & Fizz,Single sweet,467,287,436.80,226,41,18.1,45,3
SW037,Valentine Love Hearts Tub,Seasonal Specials,Single sweet,100,54,342.04,49,5,10.2,46,5
SW016,Aniseed Balls,Boiled Sweets,Single sweet,125,80,292.12,70,10,14.3,47,6
SW030,Dip Dab Sherbet,Sherbet & Fizz,Single sweet,270,166,258.40,143,18,12.6,48,4
